"X1","X2","X3","X4","X5","X6","X7","X8","X9","X10","X11","X12","X13","X14","X15","X16","X17","X18","X19","X20","X21","X22","X23","X24","X25","X26","X27","X28","X29","X30","X31","X32","X33","X34","X35","X36","X37","X38","X39","X40","X41","X42","X43","X44","X45","X46","X47","X48","X49","X50","X51","X52","X53","X54","X55","X56","X57","X58","X59","X60"
49.4137377678628,149.998794825435,50.2511061855653,117.580180318235,79.4682708152686,149.006087501419,91.2649547008145,50.9311607634155,88.9892281889368,62.1198476482962,50.3440781146947,56.0795238074895,59.205295374339,131.730154602563,49.9700547133368,55.8626963842658,51.5604716717508,49.9903684194309,107.523862039076,53.928785679047,52.4707973166347,146.049521366672,50.6510031050273,57.3215183356793,50.0446457413729,51.9665510436827,144.733697062442,144.505325714312,108.256885254103,50.263515474293,64.5639958257251,51.7666298110308,149.846969521288,60.7994295074402,70.614679891121,62.4509524977544,60.9942279413545,142.840729744395,50.2761532883522,49.9837229152642,117.396572122736,145.601302977141,89.1858943624684,146.900877673477,55.2687727409159,50.7100219638075,134.428371775878,77.9719666907002,72.9729836387611,50.3394140220135,145.356021145137,50.0813351900045,53.4276628993605,78.0638571002965,54.5267370611111,91.3526046501679,70.6934979311348,51.7565785039543,51.8388229531924,117.560696653609
49.3065740452887,117.033399472561,66.1169191786488,87.4192433491552,53.1991872203509,52.7731916016391,137.358201943382,67.7104398756602,51.9252936464174,74.2391108820017,72.2470053162591,78.2963485114659,136.168194607159,65.2496530411711,144.991125667299,59.9829285313143,71.1413429851842,71.5077936269993,78.4614870120045,70.1686708533437,126.317356456697,83.618457671533,121.008586084155,83.5890790306523,91.8431542688104,51.3552559811835,50.7713083775805,50.1269131490308,142.822023984997,58.0394656298184,53.6316708395352,57.7751094337517,91.1444478148628,59.9743773298593,112.381489468942,87.9579297507553,50.8985128076828,54.5242195328322,96.1055034994955,124.653472582302,63.9911926839462,53.4587305906418,51.8534691305103,115.026332651776,67.1158661727778,73.5839880760094,101.613347275019,77.9866122876346,67.5119091689911,63.9153965670027,90.6239492422955,146.970155976525,62.4077258122219,118.21165141691,53.1308312383185,88.1538555257,62.320887162278,133.454197534944,68.469385946611,51.7962914371257
149.861322449816,52.2602462566081,72.1701443586097,50.4702607708466,125.57092067763,109.578890094392,56.6563408059769,109.696108188567,111.303705285928,84.2661884467934,118.051663858571,50.9504924692583,60.9238991045308,56.3321582028009,76.1256585013358,53.9814920346041,124.292572816895,112.604415662269,51.7673204212686,58.1116647955784,111.282795311732,86.4567909045477,50.956901213846,73.3211970826838,139.372459406438,50.7294594406023,147.342583246666,97.8413168531254,54.123144567471,60.3525248300997,52.0927735941998,123.375704497247,53.4378810644442,72.0497514181552,51.7976715296189,62.8039999709248,52.4525313073808,138.533639515037,61.435208151205,62.5166710804796,53.3991528497463,77.7333416760013,50.2410216004066,69.750004418434,135.026467177333,51.8543399586555,106.209899486121,138.322890778152,123.187936055004,58.1006613845951,72.0600582385217,146.002620738527,62.5374524419087,52.4761056925398,123.424093669673,50.0889529461961,66.8713385743962,98.7983527038216,85.9046385640148,70.68336904559
50.8094490841815,74.8374732422137,97.9564314113863,106.82582873782,84.3067258365985,81.8520847894689,67.8957976181164,65.1960631604932,60.107827678253,76.3281719025803,72.7571171514842,66.4193854035378,60.0975913518872,61.1540428938377,64.5139532361758,125.40305148912,100.24481401859,121.848588533246,66.6760008674696,81.7698533600419,66.0612502670609,57.0494547523549,93.2272732686668,86.712257252053,130.241517757258,81.6318860604264,64.0118704761978,74.4437203048908,86.5484320351516,52.3575854034377,87.0320545372389,54.8553330378694,111.720890865441,62.9044515608494,64.3280880689104,99.5113954353528,94.525285730807,83.6511471131835,84.6136678733392,53.3659139335036,137.777471000765,73.2659973011944,51.4565826372483,69.9910534199891,55.5684307681038,54.5068389936408,86.7398941679045,53.3951307564597,57.4626537888758,55.8429414061131,57.6732181644857,91.0622102055854,84.2071796076038,116.333856991356,56.4772923730035,106.085167812445,62.698421103176,130.030777435373,56.2588993393517,115.070833934561
51.2301564230434,124.565399225759,61.3484105748327,64.5840117318635,137.333663369852,89.0293740248728,99.869101929083,122.748269121446,72.4691943498093,79.8682261150745,109.837305500439,87.7815550524015,110.30382617464,50.2722894865209,120.215927351725,55.9427604167881,63.452323933085,118.871221539113,59.6272537157789,126.152301768896,122.34472012303,148.77890858991,87.6660215721368,122.102635797597,50.1645369531472,70.610593003547,52.1208188073056,59.2006635320727,52.8647277403007,63.1690339631189,138.829894910507,64.6428428805051,122.745871454106,88.7900488735946,128.215591265677,87.5882838748346,140.113542730806,143.955133595725,69.3628061483948,59.6236777025549,65.962650229439,90.0504897799429,141.570435404494,73.8832442837399,70.3710957699912,118.635161704953,64.4711818850216,66.1341957291618,86.4026386067038,105.540691645431,60.6954778044467,51.7284817586158,86.3961278238034,123.470159221148,87.9360588419711,68.4091851230578,52.9073135359652,80.9786838911666,66.3418659394113,141.521185926203
48.5469977778401,75.2922351274413,53.9807833840279,61.7761260664687,115.759478468602,64.035138128699,105.50774666364,73.9511303156434,100.46991437875,112.438031134868,69.8096817058707,60.4212284655718,72.8205266283874,79.7772487519854,135.464581375391,65.9148777041879,126.295190836675,67.6091194687575,130.470524515124,78.0961240840842,97.3178148161072,95.690813563884,59.3857462582693,50.6788769800389,55.7985019985816,75.942196023375,143.765050850622,63.5816161422532,132.362635652904,62.0559848355365,52.0025029336352,109.251459571212,92.8221678979668,61.5881179345318,125.265344916535,81.8715449682393,117.988000596299,95.977132350495,88.3900442255854,63.8244543518116,64.1293264943059,52.6860322075002,105.504227933913,54.8887466343265,66.5666110128164,115.298758602182,74.8287243354675,53.0692877407952,112.463608365538,71.1172156953983,63.5983831937958,103.764006933513,102.496806890086,78.0570255849035,56.3209040430059,58.7761284873344,58.8430176975189,147.426225162068,108.408150645749,59.8132495232818
49.9482502573085,56.3419538933511,80.6666321854052,50.9346873790666,89.0597066688295,60.8323473395024,58.0433545286083,63.2467192253114,54.6191762791277,116.064626290224,67.5287663366631,62.3742864393196,55.4025686272217,77.15854384905,71.2227624198076,85.9117296755698,73.4494476205136,114.755385055714,67.5270800935667,51.1333053048178,79.1818128861959,88.4165236106182,53.5608138280027,71.3768021607743,52.3857821194734,66.6357276420323,138.952096486129,67.540270205307,57.707787488236,57.6402966644973,54.8102037352677,76.7281413004243,57.0281347823182,97.0054007236421,117.791208535251,67.4938252345293,124.293006657654,67.5271837690115,95.854824427619,141.824801410126,67.5120810489626,60.1124547132811,89.9238399082258,64.2315267868524,54.1029631162095,106.12137267398,67.4961152916908,88.6100860842345,51.8040299838983,66.9638549319096,130.094217877599,67.5543666612685,68.4216511250038,82.0845621697136,59.8357241976864,124.192714330999,67.4956506418724,60.8051998904667,105.612525375475,67.529414404876
151.810522831868,70.2820998799346,54.1427806143052,55.7642466920584,93.7777875617755,121.242712431092,115.425426593489,102.148723912692,58.9477777776911,58.3193133479808,84.5074314918635,105.610887382459,61.5537044723913,52.9920168966333,78.2213548091841,65.723245182212,121.799981358796,75.662151742587,120.71981738364,70.3655666987657,69.4001226168759,51.0204130725403,79.7547143034157,112.858412630052,80.8841810487414,73.4006187448522,126.278372258597,78.2822604788297,132.867451616457,71.5440109158934,121.357035041517,85.6258343903082,147.417732014931,112.448893449616,80.3292535394464,60.0575713437371,61.0468042731725,94.9754942625907,79.9707179141646,50.5507578763219,61.7890113962101,52.5876654032478,61.5234664899084,118.660605126673,61.4055667536838,85.2420826631957,54.6327424109133,93.7449096319674,58.8736242654559,120.764724994212,89.586079034542,99.9664513523271,138.657955371016,74.9186792016649,57.1406220700877,61.1193945909976,101.62388679126,110.776745598456,94.7893058764356,51.4158975692992
49.9229321037242,95.0842413797206,60.2241073464286,66.8448510060288,90.0669632887862,65.2827433293941,59.2261458688536,65.2138755586213,64.2696261746095,90.6388190878858,119.87018995815,84.8826007457608,79.4650983096994,82.0850039427235,52.020619184458,138.852619984764,63.6532502339857,57.2315679845993,128.528998879009,98.7185324641848,77.6760878288261,88.0635679082339,86.318637826187,78.2756785649124,84.1765784249588,60.1403486968684,135.173664049797,58.7740851003705,63.681001851835,56.0190679939074,101.163560299443,69.6466504561964,71.398183229024,119.028365086913,91.173451727986,79.7793727814982,63.9907425049191,95.1778187256667,57.8338750023796,79.3601593866364,75.8982682076858,56.6278007351374,79.05182394708,54.0427227386987,112.162684948074,96.2700345946087,118.446296536852,80.0692619910335,51.7332443887948,50.8081924755646,59.4706798657526,56.9462550769658,51.0538969838767,54.9883291357476,72.0074953968151,61.8977916981688,105.735855104855,87.0811487201904,54.9580315134148,60.0520846585807
51.3634802876697,64.8660416604657,105.668106893367,77.3909086887671,66.6365050411504,59.2217708353737,77.8669244701622,96.1980497846375,85.6637408023011,102.252567832019,87.8062065379476,51.7241286849382,58.7062743234606,70.6803389626,96.9417342390357,76.2414337683531,54.4849312047898,67.4182608471713,69.9553899508745,56.2991315300448,85.8993093792635,76.9477713476547,81.832574252102,101.398713578445,77.3676728672622,73.9942564177872,113.322615999686,83.6878633030137,77.5813907863017,54.7424699176014,61.6248582082336,62.1432678513573,100.797458126022,70.5816941432373,97.6954664651136,72.510731236164,64.5553724312564,65.0546404477759,77.7715723259877,55.6469856223809,81.3696616784576,84.7943607666118,83.9551211306698,87.118117725182,84.0547798075567,67.854806101753,75.2671479895347,57.3154818139727,114.706539267512,68.4723560690078,79.0790308356408,104.251821964956,73.5124768962452,95.0027143059925,126.241485780282,75.4199535470627,115.663634462976,78.3784757314974,80.6239293833593,75.3408238605602
49.2020632550604,102.501934190611,67.9458059763223,121.14336004037,73.7605943083657,65.1614672090497,97.7413541181384,59.6084602610438,58.3068310255751,84.8500876464925,115.111770211091,84.0768030366459,74.4840390704686,66.3276928818231,90.0558794894868,71.7437129231742,123.566519975806,92.1056553465436,56.499647952222,69.0359521300036,59.8113919849984,79.1395434718353,115.674571003625,60.1314793917069,57.0236749560503,63.5255590215156,95.9721198317303,75.5761382941864,52.20768980825,74.9186448119444,87.1903015471786,61.4243507073628,115.365983057891,72.0406446200174,89.347522522638,51.9545356102826,71.666922099134,58.4761887056142,58.3515488201062,85.8110146783269,93.9059195110961,85.071314891701,142.720449271388,67.6371622348809,108.086164785213,61.3604973157854,115.961987320494,58.7242132307228,116.270654984577,92.5116172875848,78.8302968759701,52.4104570621249,52.8050036113607,121.754807068183,96.6051184236804,71.114415446795,60.3047804075779,81.4290694160412,130.845587939793,90.9023980937044
50.5559681855272,53.169345713124,128.167342749703,95.2558696491168,94.733265875147,107.809063382468,78.8744468883212,58.4118374076906,93.4937311535998,90.1708219174603,103.986222251981,77.8435840322308,131.631389243769,57.0198287684252,69.6844608601951,71.9563800842064,54.1839170148683,78.7399506514444,56.6163283058499,82.2045668055084,84.6976947197919,122.091329809552,70.4330758411704,72.147357488739,92.8847933060765,54.9136732209848,66.6377434010573,69.5805857442466,71.1841844813988,137.777570709843,68.8976204733224,137.088424173762,84.9486011197991,100.946725366769,82.1731005644246,129.864934603777,79.7257590349862,81.3639788682446,62.1060247504898,87.3283989886526,55.5701925336379,76.1253114068282,69.0741572672601,77.8322001965749,78.3113608085063,75.1763816440495,60.3383688391304,80.8549642428807,73.0921732179911,119.579015640106,89.1682672943874,74.9430746693263,108.818231832593,62.2320807315165,88.7647901371195,97.0999509557091,115.334957890932,56.9148445333772,85.9045948863417,107.161105556622
149.356931477376,112.401606729861,79.0030535724328,74.2429883545823,89.3249074244325,67.8089191951304,101.749631417724,77.6549708946407,82.3930748290416,53.8297430341697,77.1917164418536,54.1162226973175,61.1272875896865,88.1950941082733,54.8161155857084,59.1699113999761,92.2151238887826,62.9301149787961,51.5099213722405,68.9852928870337,69.8003428204652,101.28465081582,101.373549940436,107.336631285944,69.0697298944922,90.2196387226266,55.3829204711327,92.743670206755,63.3681692584953,79.1074584963372,60.9517314457481,54.2196226656034,94.0259159057336,57.6114071460091,91.8327215961488,62.9707210578401,109.830942578052,68.0582649395517,80.2739174066131,114.024251381828,72.5827524618595,79.4022780322478,63.1441269458019,65.1530038651635,63.6476267258246,96.9868487904933,126.994432569384,55.5804566285399,101.97110474941,61.650642562474,95.3997620794024,103.915196860269,100.547681598768,72.4966815885549,80.6331926704331,102.265337955989,66.5128563102816,72.7335934262373,86.7921386066194,61.2738012196267
149.45271131347,87.0583887588596,87.0009244904511,102.660419837192,83.2171107220623,99.5261668782633,75.3208678650998,75.6034945175335,111.397498213666,78.3497872940605,64.1843516022798,117.105516422551,92.7306629695535,61.3296804040495,56.3233857140411,94.4565506608429,68.5260806124921,96.165726329019,60.9432461783215,71.7153037488605,105.048787649293,90.3785855337331,73.8359045002833,121.564002028522,76.4154579453122,85.1151014251524,67.7952450345374,136.623311402092,80.4715597458284,71.7707422286715,73.0967072981128,54.0807342155532,88.0928831137583,67.8214690468199,90.779325637178,97.2922609799416,68.930864147038,87.6370828363742,84.0429561206185,88.65152974838,85.3763091449555,57.3442117697457,83.628128820534,60.4172982729314,67.9586905560342,64.8909777606366,65.6612020821578,87.667364502671,76.5116124808906,65.1889352843199,55.489058984851,80.7505943411074,83.4346959402806,63.8555707078916,118.314192812817,81.365919539361,72.8296118680737,127.022770441455,68.203666476845,72.9114291982541
48.9178927539822,113.463291818918,91.7128406180066,54.2723972304331,53.7914420366513,68.6745707054155,63.0082243803026,85.0716402215229,54.0902785877854,96.5448157997751,54.6081768150242,57.9666259757032,65.5280890667119,54.369745216807,64.1715810359618,103.737853819062,67.3830520743789,93.2186619965137,79.5617062056276,101.240815253536,95.3930908427484,77.6874768824698,53.9742308668028,64.182462065508,56.0717943979757,111.003320430302,60.7446070141819,57.1330551268296,117.637087723915,57.3745198636865,56.5106588145695,53.1867930062652,85.4550390637209,98.2856250089449,131.591498730885,70.6848132571725,61.5730540338392,109.617511100642,82.6200225716391,74.9247683911974,145.721769801622,86.3660244641158,128.979677836331,100.400652434243,67.1206359078443,52.368148855586,59.2621121573986,52.4919650272483,86.6774964128937,85.6344327288641,97.9350170361642,112.630729229706,71.8364552684636,106.838121147534,83.4924196037373,132.051115001325,76.341831037876,67.208839057906,54.0290282562955,51.2754001765005
50.2594556061288,96.4364036788708,144.645427292436,69.7843668180699,64.0366457629172,76.6253877631478,55.2877784397028,59.1654124449883,63.7730547867069,53.2235276266918,65.6810894788603,67.4300692096714,128.556723699597,51.8308271233545,65.2611941441963,51.5762121499261,137.867356826564,60.4386067866272,85.1902388611217,79.2079853837471,117.730066031748,99.5681844821089,96.6327252413964,56.2523572360026,78.9890405634567,74.0091420623855,53.1781436260788,141.00855345287,97.6158100252196,135.711507739806,82.4566384186481,136.838749906026,103.1793818784,67.4878309022182,53.400017814722,75.4384665091337,56.434197863,101.664533984997,96.3810789033409,52.3276218651303,72.612629146207,113.548056113171,53.2008594285208,116.471492764504,97.6140324109637,115.672622806736,65.5300365775616,105.023989186863,65.5168868087444,126.03618025652,66.0650990697165,60.3753605550996,143.790198176865,94.2093646000897,52.1621946090525,50.7519821990502,55.7145183677168,133.917561324365,113.259600612241,72.4538660055924
50.505852489425,71.7281190990832,118.612450111676,79.5976859861861,60.9067333174864,60.2281318621228,75.3564742976918,54.6201799123676,60.8256579952392,69.062497719076,89.3809563246132,57.3997050492579,74.3847083505836,64.0408730769504,69.9814493318332,71.9305337698766,81.9170815924782,54.3427470895342,90.6819804525719,90.2676463980469,75.0613165614196,66.6202659513297,99.1660705688041,113.61285461131,79.3234823962129,117.404093929411,76.1851185669299,62.2577012167617,130.186735695671,71.5292477419993,63.7978503774123,56.508447367519,103.912267703598,79.3532247055941,56.4768384513901,61.4474909044969,56.4764878063674,132.140146274932,83.346293250077,55.1530843502711,64.3939068848973,95.8329506362909,54.3411573403406,56.0099691717783,81.9088616947928,50.2712632572513,65.3136379466413,53.2627853772471,58.3242002610321,106.651604286011,84.4659320219006,76.6189833803379,74.8742227610207,72.9814189580501,79.3221863777762,70.1300687479635,91.0565292839737,95.9440170534677,93.317925057449,53.7225886403847
148.108619460018,94.5570247775562,65.0405937116589,131.37669373897,85.6155455758298,87.9031500173719,101.697762457575,83.7157559703644,139.977682630418,57.7834118390644,82.0121259707479,141.882856838295,85.7724456998983,67.7987576599569,86.2662096790689,81.9214645018025,90.93590423881,55.9989052454045,67.1517596194389,95.8412523067596,81.4539375387466,71.693256989788,63.1464267558406,85.2775299499226,66.5666368171435,103.166259125857,109.592656543716,69.1473474790862,69.4980504506974,78.4086806627263,131.285615640048,66.5195232002906,58.8713303231578,107.321320783332,93.6065064335312,97.7191457440681,92.0134972495659,67.8934861758254,65.2684294591521,113.890872103162,100.850109868114,97.8593360860932,120.882843417609,65.3323388866745,105.602232683381,62.3350023508293,72.12388606884,69.533782204254,73.8109187633622,76.6134996607566,115.457978214339,73.6787622721633,55.585507958812,74.8251272393064,68.6063604243456,92.4660926370939,84.0900119902809,93.8004239227787,93.2112835421397,119.143580652828
49.9353526690314,140.192208630504,149.502217429903,84.5871373618045,106.175965226921,50.2882254042747,50.1355170421712,50.1792098810992,52.1691810929912,50.1822668855098,50.1278528908524,68.7933507953514,148.55491412331,51.5895328110836,93.8092025537509,131.045411929086,50.55271455902,120.400265221307,83.1638845253194,147.984181210454,53.2401556598414,67.5284137001227,51.0953433791342,60.3497830362486,113.225496869611,106.546591287233,51.5035125601032,53.5263883891209,57.5299359756123,127.168255897793,73.6305055351629,73.6693365541583,146.573392073663,76.3749475395895,52.5276615480593,127.743103099985,117.135004701445,114.09298285835,56.7117599518786,53.729079722016,78.0502538336698,50.6453267654493,51.7986551564928,54.7122424074,51.0733169707985,55.6874630753406,101.782137445958,109.470783727009,83.7760479768517,50.6582510083102,52.4178981583701,53.2656759292513,91.4605120319075,114.127274063013,114.729689110708,121.168861824809,50.0812680905297,52.9193884180228,50.9786781834726,65.4428285742251
50.0837804164668,131.698822861035,84.2132002501207,58.3863747715165,87.7361322657059,55.4437365507251,52.9546146690841,105.499454551653,99.2503227145506,53.5747505937947,78.6954199185117,91.1665325785238,58.1752256647803,84.701859721623,134.524278822379,63.8410173140462,62.0831589861409,90.7753930169047,51.7619252301012,84.5095300515319,90.9185822547882,57.4588084198775,58.9187948392377,117.416682506995,101.196577807312,76.1836286180203,52.4526325464303,52.1884479683189,129.78066351257,80.541056185135,55.1709027155878,123.413512203865,103.955757868683,60.9431028684349,141.718160119557,104.164307659079,102.740968647884,68.0013718607923,68.9091153490374,73.3213277985079,118.135261351879,95.3278478327065,123.785086374397,81.0380005522093,89.5053003979006,64.5714534304161,99.0351158850777,80.4418905118317,53.0095748429151,114.055903099701,74.3854301228233,92.2750164403116,50.8050395631355,63.145981975049,69.0549717357238,76.5702278525686,59.4265648712458,84.0385579912152,94.1852950720644,83.847356332494
48.3183533233516,75.4938778748606,58.2396349301953,83.2398662003121,61.0903200668076,61.4926299364574,92.9429781822804,71.0334735772139,55.3387319210305,101.047654180628,71.6029048816276,55.4716881967998,93.9440000533818,59.8614686331286,83.1698197744803,58.3300727263128,101.436778641082,75.1116558246986,94.9411790404943,102.19969657923,77.7609060012886,83.1330423790112,73.9742747352195,67.1133946990089,82.3697918246932,123.242664165235,70.0289231341763,70.4398190238554,64.5075081897431,77.8733758996807,107.721387643573,70.7493302453444,99.244064417917,84.9545585261369,64.6900601460461,60.5752716973956,100.198668052203,83.3682578180475,61.5570228428,72.4155293328417,111.88180398438,72.0434711165162,57.9925444993644,96.7825407086125,66.2872013958837,111.047702479821,82.7800394355985,59.7087167697028,89.3369902855456,94.1810661764916,72.7437921430631,60.5598818833455,95.9623324000683,103.003678019748,71.9170085050165,64.4743140403475,113.786020684197,61.7796121483946,58.2654175761369,64.5908412400887
50.7672765661082,132.756038385242,55.6690025682781,80.5101703551761,93.7129040061113,54.0840400909229,122.376024128157,93.9663691717775,115.033918688864,125.938601530374,98.8233654406877,66.1315151850614,112.691053255814,64.557162868447,114.632177011889,90.2823544938,69.4173933589719,112.676505882774,95.1926667097802,55.0832989558502,96.8956549539135,53.1950429777408,71.2675521212337,87.9965537083286,70.6406812330479,115.453608045867,88.2105387273487,55.5392397467138,51.6864537647113,78.7844485074807,124.450358069579,85.7758071856617,66.2144600582589,88.4679279473873,64.9413624105557,79.3493119077485,95.2600043819546,55.2828728893347,76.8505672663717,61.1375472857,57.6029691692573,84.140497785707,124.433879666109,87.0664636614591,61.4387781909938,69.6996696741758,54.9875759324477,132.541159767617,67.3732289269323,119.176994532529,79.6744247636299,79.2096501497129,89.3054698189923,146.967110079925,54.8273734372232,71.6020237841034,89.6773239478089,66.8394238444283,66.5375349981108,124.063432901484
148.413187026469,75.6278588708168,80.3486817229212,121.361835811391,75.6210666379633,105.996914077778,75.6089311178932,69.7086569776922,88.876998252454,102.28033090277,75.6181052159064,67.7577367588845,104.662748188317,75.5765121096428,111.140406549338,75.5699685756714,88.1351320054849,134.987730692742,75.597776414363,58.2928172485844,81.538552522696,63.7807107792106,90.1747148324077,97.2078233820109,102.420404354153,75.580513483672,76.8786332573747,100.903452660533,75.5697502795633,80.8366932091497,93.9017120527466,93.607377241182,72.117131614699,85.7801044872445,79.5865581167936,90.8867301559112,100.646600920526,75.5991692051013,85.4791161989364,59.2700040037728,80.9469499966874,87.062643521073,78.143334651378,105.814352469488,75.6096976673139,108.802640717827,75.589512115291,91.8950869930449,81.4391989431053,70.1563589514137,98.8553554020193,103.081570045714,75.6146687294735,90.0956042894496,77.5902351417376,80.7150581193217,90.0204962849778,73.2733350512226,95.0541430469381,111.867284888397
50.0474631194002,98.9606773276521,148.477201781805,62.9175916228958,100.908928646115,86.1622634660554,99.7253171422792,64.1898462876249,113.741270506278,100.705358380195,89.8923104197333,100.601248429961,63.6499433652198,51.5497726982896,80.4683804213846,89.545021276826,108.223692375018,84.5845236846352,75.2991056742827,121.588346305958,53.1747379977645,88.7309058323737,64.2726522073623,86.4188169320973,145.00416421019,57.0098232898878,58.2132097996267,84.5084458858692,125.909365130989,57.437795899185,111.297789795633,62.2041821239003,53.3277285329831,141.797148831082,92.3939084595599,91.2451883346614,56.5309364155256,58.0591680865893,52.5499072156518,114.84217555661,63.545518911898,55.3229143723145,52.565229783964,137.02786806841,87.2845160028921,59.5638164943849,113.422618444477,57.847427789198,102.822792850743,85.1451340765539,73.2070057076401,129.166897735175,50.7235115774606,55.2045299727221,68.5856057378948,113.173082745095,100.597721853826,55.7042605815084,64.2215062914179,112.947300126306
49.2745963795968,58.8701633261552,58.8189622888008,107.971246318591,111.023642351015,85.7602024013105,92.066223591823,72.8018172520795,61.4065235116445,119.401751347499,66.6668979257691,75.3865597873396,89.1515722154517,69.3807822492335,75.6221767204232,70.6982633695207,63.6327630777496,53.4482816961116,61.8520690910216,50.8782962677407,56.9359434634927,68.3869864245293,72.1554766691417,52.5590227980296,51.7040652761895,87.2356540645381,72.8017820558329,63.7089463938338,127.795984832613,79.6007856481053,68.646969354538,110.82958245405,76.7225922981457,65.9807667336851,87.5104383039319,111.448532067487,69.2149639714141,51.9844046810751,73.7899373327018,142.221687326179,64.3664715223042,115.552336139407,75.3984585253441,85.2850593604277,81.1812620809696,74.9851050066563,69.5124164903143,100.039411007403,59.6515351695025,97.5006912146846,62.1971978215076,52.3286686937752,76.7093306396189,81.6422540558392,53.5001060112067,55.8097701805779,82.6045605821874,109.705100004061,112.946580340821,82.8072943718164
49.7502118640878,123.098885479431,63.229431116294,79.348258632353,52.9913048623371,68.1368514393398,53.5619407536891,86.6838117524487,74.2811972263632,64.51362706399,60.4135862160208,54.6042040019923,97.4576361594466,120.064515119946,58.5603031821033,81.3621524681656,59.7378844852686,105.563004110685,63.6443570175536,59.2722478825645,80.1405200553653,118.689970694102,91.0757466961215,113.451385085024,70.8053126095962,103.108417816756,79.8511787844106,106.139500299087,64.0446970536763,63.5586870304099,63.0891762044156,127.126847486236,74.1608575661922,73.7974107217107,118.439767141217,68.9614447782353,77.8311915279943,133.73517724569,77.2043953704722,135.706275620753,68.1273686823583,52.2046754003074,135.83833564134,76.8017139139247,60.9703013672773,75.6908056572651,57.1745196083117,88.2260117524181,89.5372928105931,91.8127825536989,56.0611217832018,91.9877356914464,113.726985341971,91.3519097018497,108.953001291958,67.0166349075584,101.056644902304,87.2534369958332,59.636932186257,114.969193138668
48.92315092747,51.6478565988378,80.3790558264411,63.8319064730431,106.191213412867,80.2510795532501,127.053524700588,69.3118067689991,114.965145614603,58.5158121355608,62.3854867593158,76.1126538479267,87.481235662388,84.7447021147335,51.6571608572683,68.9685254743637,77.5352652010169,85.4831462588472,101.003834087909,76.0940528829158,110.49507605192,67.521181669961,62.2802620482221,63.839733561002,70.4239900165895,64.7201616746702,78.9562770776242,85.8956501015721,93.0306396543391,73.4867739395374,89.6633204933474,66.0458859391709,89.166504166599,128.759031234414,75.4433532960506,62.554710868595,72.9018451474454,90.8219932563939,57.5308774297315,89.9080731429802,82.7267408070718,84.8692035215687,84.7889688883961,77.8013553514572,119.245939584293,112.895829269774,70.1302514851265,72.9093142332003,58.2340013001915,66.8240408976127,65.6598292657409,96.5319846524286,83.5001263395722,125.518419182646,98.8764469966252,73.2809935461632,56.2699546279678,97.4443248869936,95.0287280149625,81.1075325173026
49.884132700426,51.8571951426837,52.8853626834896,86.2995199337842,79.6079121366266,106.035255294043,68.3867920105619,149.618132327179,50.6529682963468,98.1015679828307,57.3160416298367,112.709384351713,56.7209616154565,143.354009453893,55.3749454508386,139.870503718862,140.888669008108,62.0223788681162,117.388736478993,100.454344912006,147.023548982463,123.47323053279,52.2488866124366,141.760695257997,51.3895448616609,50.9434710611341,57.9921438036918,50.0781748792342,52.4336622966066,59.9145442257655,94.7979965985108,97.5522770456181,52.0372656661279,127.864978485033,55.6524288011768,88.6189851082656,57.2333171275499,50.4960517107565,139.670174052452,50.0863611778381,64.9717612116371,56.0269186707696,98.7475381319193,74.4011618959069,50.0593844147863,84.6614127493364,51.6982663116674,61.6004308142969,51.5533783733862,80.6429876427015,52.9294702636337,52.1457931083643,52.3948314814551,75.2378372661308,77.7350568592737,71.5852007791724,50.0415952426336,50.2954435380873,56.8527832617662,70.8109385727681
150.775499458,136.357205485072,102.459391981268,50.0405264691711,57.0010335215976,149.586825524947,50.056579673664,89.2458365608003,50.1262500874926,52.5262636474609,50.0986900831485,90.5249841776521,143.5665292875,67.0329723430052,82.3682779986747,50.5261509595948,50.0369930740264,63.2839426445534,138.370910184686,60.0706669511429,51.5793583660409,56.4886091285426,149.938773434203,50.1475839623047,143.118316741377,137.838827516268,50.2936380343081,81.9088815298762,52.3387256324351,60.646093878346,50.3545051953733,52.0694030097534,50.1949901932071,50.3712684435132,53.9191133498908,71.5004272512127,147.730775860922,50.3391002351603,50.2535883638283,50.0594379037742,66.1072082474449,50.0848912670241,83.813910274465,149.768141186798,77.5684424052595,91.8507433983885,124.084997464766,50.017387557709,147.323667504391,51.2249962796273,50.1319528678959,76.2179585775487,50.4559938214516,149.908512965924,149.932109952567,62.4720265254324,50.3306660830261,120.232036041654,53.3936402588786,60.1461341929877
50.2429453713722,104.786671217535,70.7177082517369,83.6648822975559,80.2110849967626,88.4720567628398,79.8350184905736,87.5197640889887,79.3938719354085,75.9953979643454,91.4276778532111,92.9066235841939,92.9689774376868,78.0901715263529,83.1034134904908,89.7088699374061,87.5943649326598,92.603110043808,88.081707685794,85.7531687700689,94.4698728672879,88.9836117837407,81.1523375807423,78.4132552562522,91.7096806605954,91.8205478038106,86.3039519598466,94.5173685904933,82.7624328386597,90.513286623913,84.8960793040561,72.2869371621154,87.2882402107846,86.5338296883971,76.9292626302541,81.3826830208802,95.6023510519549,87.8045637354827,83.4528132202617,85.1766551790714,70.3115881678033,81.2613255805975,76.4962100653204,101.378261935531,70.7155162414285,86.3801467471011,92.5515340822884,80.0282669397071,85.7791025933689,86.0191363909334,98.3468288511318,86.1176001055965,88.5555549378474,83.0349139718903,86.6985592376104,74.8703536156126,94.5021591547012,78.1109161044957,92.3751795830779,81.1131188270728
